﻿Designator,Quantity,Value,Footprint,Package,MPN,DNP,Mount_Type,Description,Description_1
C1,1,33µF/35V,CP_Elec_5x5.8,,,,smt,Polarized capacitor,
"C10, C12, C13, C16, C20, C8",6,0.1µ,C_0603_1608Metric,,,,smt,Unpolarized capacitor,
"C11, C14",2,1µ,C_0603_1608Metric,,,,smt,Unpolarized capacitor,
C15,1,10n,C_0603_1608Metric,,,,smt,Unpolarized capacitor,
"C17, C18",2,1pF,C_0402_1005Metric,,,,smt,Unpolarized capacitor,
"C2, C3",2,10µF/10V,C_0603_1608Metric,,,,smt,Unpolarized capacitor,
C21,1,0.1µF/6.3V,C_0603_1608Metric,,,,smt,Unpolarized capacitor,
"C4, C5",2,27pF,C_0402_1005Metric,,,,smt,Unpolarized capacitor,
"C6, C7",2,220µF,CP_Elec_6.3x5.9,,,,smt,Polarized capacitor,
C9,1,10µF,C_0603_1608Metric,,,,smt,Unpolarized capacitor,
"D1, D3, D4",3,1N5819WS,D_SOD-123F,,,,smt,"40V 600mV@1A 1A SOD-323 Schottky Barrier Diodes, SOD-323",
D2,1,PMEG2005EH,D_SOD-123F,,,,smt,"20V, 500mA very low Vf MEGA Schottky barrier rectifier, SOD-123F",
J1,1,USB_B_Micro,USB_Micro-B_Wuerth_629105150521,,,,smt,USB Micro Type B connector,
J2,1,USB-C Receptacle 6P,USB_C_Receptacle_GCT_USB4125-xx-x_6P_TopMnt_Horizontal,,,,smt,USB Power-Only 6P Type-C Receptacle connector,
J3,1,Generic IN,PinHeader_2x05_P2.54mm_Horizontal,,,,tht,"Generic connector, double row, 02x05, odd/even pin numbering scheme (row 1 odd numbers, row 2 even numbers), script generated (kicad-library-utils/schlib/autogen/connector/)",
J4,1,Generic OUT,PinSocket_2x05_P2.54mm_Horizontal,,,,tht,"Generic connector, double row, 02x05, odd/even pin numbering scheme (row 1 odd numbers, row 2 even numbers), script generated (kicad-library-utils/schlib/autogen/connector/)",
J5,1,USB-C Receptacle 6P,USB_C_Receptacle_HRO_TYPE-C-31-M-17,,,,smt,USB Power-Only 6P Type-C Receptacle connector,
J6,1,Conn_Coaxial,U.FL_Hirose_U.FL-R-SMT-1_Vertical,,,,smt,"coaxial connector (BNC, SMA, SMB, SMC, Cinch/RCA, LEMO, ...)",
L1,1,47µH,L_Changjiang_FXL0630,,,,smt,Inductor,
L2,1,2.7nH,L_0603_1608Metric_Pad1.05x0.95mm_HandSolder,,,,smt,Inductor,
"R1, R2",2,3k3,R_0603_1608Metric_Pad0.98x0.95mm_HandSolder,,,,smt,Resistor,
R10,1,0.01R 3W,R_2512_6332Metric,,,,smt,Resistor,
"R11, R9",2,10R,R_0402_1005Metric,,,,smt,Resistor,
"R12, R13, R14, R4",4,12k,R_0603_1608Metric_Pad0.98x0.95mm_HandSolder,,,,smt,Resistor,
R3,1,400R,R_0402_1005Metric,,,,smt,Resistor,
TP1,1,Boot,TestPoint_Pad_D1.5mm,,,,tht,test point,
TP2,1,Expansion,TestPoint_Pad_D1.5mm,,,,tht,test point,
TP3,1,Reset,TestPoint_Pad_D1.5mm,,,,tht,test point,
U1,1,XL1509-3.3,SOIC-8_3.9x4.9mm_P1.27mm,,,,smt,"Buck DC/DC Converter, 2A, 3.3V Output Voltage, 4.5-40V Input Voltage",
U2,1,ME6211C33,SOT-23-5,,,,smt,"500mA low dropout linear regulator, shutdown pin, 6.5V max input voltage, 3.3V fixed positive output, SOT-23-5",
U3,1,TPS2115,TSSOP-8_4.4x3mm_P0.65mm,TSSOP-8 Texas Instruments,,,smt,"2 Channnels Power Mux with Manual and Priority Switchover, 1.6-5.5V Input Voltage, 2.5A Output Current, Ron 40 mOhm, SOT-583-8",TPS2115A Power Distribution Switch (Load Switch) Power Management Evaluation Board
U4,1,ESP32-C3FH4,QFN-32-1EP_5x5mm_P0.5mm_EP3.7x3.7mm,,,,smt,"RF Module, ESP32 SoC, RISC-V, WiFi 802.11b/n/g, Bluetooth LE 5, QFN32",
U6,1,INA228,VSSOP-10_3x3mm_P0.5mm,,,,smt,"High-Side or Low-Side Measurement, Bi-Directional Current and Power Monitor (0-36V) with I2C Compatible Interface, VSSOP-10",
U7,1,Display I2C,PinSocket_1x04_P2.54mm_Vertical,,,,tht,"Generic connector, single row, 01x04, script generated",
Y1,1,40MHz,Crystal_SMD_3225-4Pin_3.2x2.5mm,,,,smt,"Four pin crystal, GND on pins 2 and 4",
