﻿pos_x,pos_y,rotation,side,designator,mpn,pack,footprint,value,mount_type
71.5,-32.5,180.0,top,C1,,,CP_Elec_5x5.8,33µF/35V,smt
89.5,-52.5,180.0,bottom,C10,,,C_0603_1608Metric,0.1µ,smt
78.0,-52.5,180.0,bottom,C11,,,C_0603_1608Metric,1µ,smt
78.0,-51.0,0.0,bottom,C12,,,C_0603_1608Metric,0.1µ,smt
78.0,-49.5,0.0,bottom,C13,,,C_0603_1608Metric,0.1µ,smt
85.0,-42.0,-90.0,bottom,C14,,,C_0603_1608Metric,1µ,smt
86.5,-42.0,-90.0,bottom,C15,,,C_0603_1608Metric,10n,smt
89.5,-49.5,180.0,bottom,C16,,,C_0603_1608Metric,0.1µ,smt
88.0,-43.0,90.0,bottom,C17,,,C_0402_1005Metric,1pF,smt
88.0,-41.0,-90.0,bottom,C18,,,C_0402_1005Metric,1pF,smt
71.0,-36.0,-90.0,bottom,C2,,,C_0603_1608Metric,10µF/10V,smt
85.758,-60.242,0.0,bottom,C20,,,C_0603_1608Metric,0.1µ,smt
82.758,-60.242,0.0,bottom,C21,,,C_0603_1608Metric,0.1µF/6.3V,smt
73.126,-36.0,-90.0,bottom,C3,,,C_0603_1608Metric,10µF/10V,smt
82.0,-42.993623,90.0,bottom,C4,,,C_0402_1005Metric,27pF,smt
82.0,-40.991443,-90.0,bottom,C5,,,C_0402_1005Metric,27pF,smt
94.0,-32.5,180.0,top,C6,,,CP_Elec_6.3x5.9,220µF,smt
82.5,-32.5,180.0,top,C7,,,CP_Elec_6.3x5.9,220µF,smt
77.0,-32.5,90.0,bottom,C8,,,C_0603_1608Metric,0.1µ,smt
78.5,-32.5,90.0,bottom,C9,,,C_0603_1608Metric,10µF,smt
68.0,-33.0,-90.0,bottom,D1,,,D_SOD-123F,1N5819WS,smt
100.0,-33.0,-90.0,bottom,D2,,,D_SOD-123F,PMEG2005EH,smt
70.0,-41.5,180.0,bottom,D3,,,D_SOD-123F,1N5819WS,smt
96.5,-38.0,0.0,bottom,D4,,,D_SOD-123F,1N5819WS,smt
62.360836,-37.04738,-90.0,top,J1,,,USB_Micro-B_Wuerth_629105150521,USB_B_Micro,smt
62.0,-64.0,-90.0,top,J2,,,USB_C_Receptacle_GCT_USB4125-xx-x_6P_TopMnt_Horizontal,USB-C Receptacle 6P,smt
71.035165,-56.179006,180.0,top,J3,,,PinHeader_2x05_P2.54mm_Horizontal,Generic IN,tht
95.410165,-56.279006,180.0,top,J4,,,PinSocket_2x05_P2.54mm_Horizontal,Generic OUT,tht
104.4,-64.0,90.0,top,J5,,,USB_C_Receptacle_HRO_TYPE-C-31-M-17,USB-C Receptacle 6P,smt
94.5,-41.0,0.0,top,J6,,,U.FL_Hirose_U.FL-R-SMT-1_Vertical,Conn_Coaxial,smt
75.625,-46.0,0.0,top,J7,,,PinHeader_1x04_P1.00mm_Vertical_SMD_Pin1Left,UART,smt
102.616,-36.83,-90.0,top,L1,,,L_Changjiang_FXL0630,47µH,smt
90.5,-42.0,180.0,bottom,L2,,,L_0603_1608Metric_Pad1.05x0.95mm_HandSolder,2.7nH,smt
89.5,-55.5,0.0,bottom,R1,,,R_0603_1608Metric_Pad0.98x0.95mm_HandSolder,3k3,smt
83.5,-63.5,0.0,top,R10,,,R_2512_6332Metric,0.01R 3W,smt
85.5,-62.0,0.0,bottom,R11,,,R_0402_1005Metric,10R,smt
89.5,-51.0,0.0,bottom,R12,,,R_0603_1608Metric_Pad0.98x0.95mm_HandSolder,12k,smt
78.0,-55.5,180.0,bottom,R13,,,R_0603_1608Metric_Pad0.98x0.95mm_HandSolder,12k,smt
78.0,-54.0,180.0,bottom,R14,,,R_0603_1608Metric_Pad0.98x0.95mm_HandSolder,12k,smt
89.5,-54.0,0.0,bottom,R2,,,R_0603_1608Metric_Pad0.98x0.95mm_HandSolder,3k3,smt
84.0,-34.5,180.0,bottom,R3,,,R_0402_1005Metric,400R,smt
89.5,-48.0,0.0,bottom,R4,,,R_0603_1608Metric_Pad0.98x0.95mm_HandSolder,12k,smt
83.0,-62.0,180.0,bottom,R9,,,R_0402_1005Metric,10R,smt
94.0,-33.0,180.0,bottom,U1,,,SOIC-8_3.9x4.9mm_P1.27mm,XL1509-3.3,smt
72.0,-32.5,0.0,bottom,U2,,,SOT-23-5,ME6211C33,smt
84.0,-32.0,180.0,bottom,U3,,TSSOP-8 Texas Instruments,TSSOP-8_4.4x3mm_P0.65mm,TPS2115,smt
84.0,-48.0,180.0,bottom,U4,,,QFN-32-1EP_5x5mm_P0.5mm_EP3.7x3.7mm,ESP32-C3FH4,smt
84.0,-56.0,-90.0,bottom,U6,,,VSSOP-10_3x3mm_P0.5mm,INA228,smt
79.502,-38.475,90.0,top,U7,,,PinSocket_1x04_P2.54mm_Vertical,Display I2C,tht
79.65,-42.0,90.0,bottom,Y1,,,Crystal_SMD_3225-4Pin_3.2x2.5mm,40MHz,smt
